Time,Observed Change,Annual Change,Uniform Annual Change,Uniform Change,Hypothesized Error,Commission Intensity,Omission Intensity
1988_2000,12.284281730651855,1.0236901044845581,1.439824104309082,17.277889251708984,4.9936079978942871,0,28.901723861694336
2000_2010,12.257271766662598,1.2257272005081177,1.439824104309082,14.39824104309082,2.1409690380096436,0,14.869656562805176
2010_2015,14.333695411682129,2.8667392730712891,1.439824104309082,7.1991205215454102,7.1345758438110352,49.774848937988281,0
