Time,Observed Change,Annual Change,Uniform Annual Change,Uniform Change,Hypothesized Error,Commission Intensity,Omission Intensity
1988_2000,8.7705783843994141,0.73088157176971436,1.0792528390884399,12.951034545898438,4.180455207824707,0,32.2789306640625
2000_2010,9.8800296783447266,0.98800301551818848,1.0792528390884399,10.79252815246582,0.91249823570251465,0,8.4549074172973633
2010_2015,10.489216804504395,2.0978434085845947,1.0792528390884399,5.3962640762329102,5.0929527282714844,48.554172515869141,0
