Time,Observed Change,Annual Change,Uniform Annual Change,Uniform Change,Hypothesized Error,Commission Intensity,Omission Intensity
1988_2000,16.976009368896484,1.4146673679351807,1.7673614025115967,21.208335876464844,4.2323284149169922,0,19.955965042114258
2000_2010,16.320146560668945,1.6320146322250366,1.7673614025115967,17.673614501953125,1.3534677028656006,0,7.6581263542175293
2010_2015,14.422601699829102,2.8845202922821045,1.7673614025115967,8.8368072509765625,5.5857944488525391,38.729450225830078,0
