Time,Observed Change,Annual Change,Uniform Annual Change,Uniform Change,Hypothesized Error,Commission Intensity,Omission Intensity
1988_2000,20.279083251953125,1.6899235248565674,1.9497330188751221,23.396797180175781,3.1177139282226562,0,13.325387954711914
2000_2010,15.965201377868652,1.5965200662612915,1.9497330188751221,19.497329711914062,3.5321295261383057,0,18.115964889526367
2010_2015,16.398508071899414,3.2797017097473145,1.9497330188751221,9.7486648559570312,6.6498432159423828,40.551513671875,0
